Accuracy,Precision,Recall,F1
0.8598083711548159,0.872715816005041,0.8412634136464872,0.856701030927835
